steps,return
0,56.264737221731195
3,58.88094854801277
6,56.82600522562658
9,58.22457872231318
12,60.735349112515586
15,59.60144894705091
18,55.42597584243252
21,58.619616021290334
24,55.235999775386105
27,59.21120720897214
30,55.336880136473724
33,60.558043200182
36,59.88784337211185
39,58.37920407070055
42,57.53253046175439
45,57.771362029308946
48,58.50087363433403
51,57.82239895836508
54,58.78168275473647
57,59.27355044072201
60,60.11432965427556
63,57.23215827945338
66,59.747116226382936
69,60.20981551076088
72,59.04973787913963
75,57.22197509308758
78,62.07513643324459
81,58.4876641211862
84,59.95400837845669
87,58.96295778534848
90,58.28396734798878
93,58.07554073763462
96,59.40655755950917
99,58.21794763002938
102,59.181649226639216
105,58.423292355484705
108,58.108494157294274
111,57.0235268054282
114,59.92776722637334
117,58.86737835328611
120,59.56421369223854
123,60.13393729519828
126,57.4262345397111
129,58.07941862155093
132,61.73321049837872
135,57.798382660329764
138,56.42315432368198
141,60.60333450175189
144,53.02774642021253
147,61.23510757762015
150,61.436857423246394
153,60.044349397280385
156,58.59463231851638
159,57.88692800667386
162,57.137220822380115
165,60.133957866214494
168,60.27626629245784
171,59.31668503790347
174,59.97388551643279
177,58.450290621233194
180,56.025896676853826
183,56.17108465270586
186,59.44719342323449
189,59.15126011288019
192,60.34213251152553
195,60.100560858976806
198,59.718080597600895
201,60.22799669542062
204,59.04711856870102
207,56.592091559449365
210,58.55785233985497
213,58.14829576911721
216,56.04563999077128
219,59.54601182954225
222,61.07500924089127
225,58.491089759546085
228,61.09418024367977
231,58.677709736093576
234,60.85652139165584
237,59.31001419022989
240,57.64586556218994
243,60.464393860838776
246,60.85305393428663
249,58.38743010076244
252,57.97856878541933
255,57.1034845009389
258,60.37666188990737
261,59.273083339428936
264,59.77710860670567
267,60.99931152141731
270,57.412418272828276
273,58.0484577649964
276,61.06301588898018
279,61.503072474267015
282,59.57188909062152
285,60.74402092569402
288,58.51014713909952
291,59.48112678702265
294,56.63999465147907
297,58.17309271290374
300,59.061129591207376
303,60.07671248558021
306,62.361139904524954
309,57.66071819851935
312,62.75493504944959
315,62.77336797787327
318,60.0825304639982
321,57.62623637109657
324,59.175975198591644
327,53.86598646290698
330,61.06375463991726
333,60.82583617166556
336,56.00203009628185
339,59.15082583810414
342,57.309909812299054
345,59.575481019158
348,58.14737201900308
351,56.697640499403725
354,58.77820517155967
357,61.15763051462287
360,58.113570307738144
363,56.81091340623679
366,59.793969667799544
369,59.707350554208745
372,60.37097753744531
375,54.468223831236244
378,59.114014117895145
381,57.748140114218586
384,56.442790082477664
387,57.61651462469173
390,61.4442123966874
393,58.293171268854096
396,58.23162395165788
399,58.390721994448846
402,59.046359881542024
405,62.01315518434761
408,53.99630348732037
411,60.23240732041444
414,56.95933273311256
417,57.04740437647598
420,61.72865066050946
423,61.30394121685481
426,62.16951821532232
429,61.64868264201251
432,57.13076999173696
435,56.343577070327
438,59.84001786638921
441,58.09732618989462
444,60.58472187927325
447,56.449005701888815
450,57.21108365289565
453,58.64262622905513
456,59.068349739581166
459,59.42931368471926
462,59.40142201461248
465,57.92963416507953
468,59.076620364184464
471,57.237116716192155
474,58.51232085863469
477,58.50164499924398
480,58.99895183702445
483,58.80317987162748
486,58.23001953168214
489,58.25505097670047
492,58.39630075071741
495,56.88250736137419
498,56.622705372466704
501,58.34793270976019
504,62.207006179937935
507,57.02614901565365
510,54.75240710306383
513,58.705003961827956
516,60.25268274794555
519,57.68254474998224
522,58.3724331926454
525,56.12575460491426
528,58.37929037333964
531,56.82302527331427
534,60.71345835941473
537,57.82161797571299
540,58.35076247717755
543,56.439850796141755
546,57.03865868953037
549,57.03148769052532
552,59.7064749621367
555,56.1661685126836
558,55.11417605102109
561,60.15532064475057
564,55.69981347434045
567,59.699353568680465
570,60.371905411548845
573,61.16300971294063
576,60.027111628230955
579,58.29426165366182
582,58.81253763623177
585,61.14357429128235
588,57.54169365211209
591,60.25961827445091
594,60.30038103814263
597,59.62057670592293
600,57.254714788179534
603,60.36004937877724
606,58.03923528674427
609,60.305818146874756
612,60.25402237169052
615,62.5116835701928
618,60.09200259806645
621,58.74262996322491
624,57.212291573657
627,60.33297896664443
630,59.13001280172857
633,57.48096806969105
636,57.66959513537696
639,59.545466766258144
642,59.81297487713721
645,56.96755910845768
648,56.36021611970349
651,56.332006500462214
654,58.877486529808436
657,60.23485473526544
660,61.06621624400284
663,58.553437314002664
666,57.72940852057616
669,58.22248406245558
672,62.703917583568895
675,55.732511052929866
678,59.09458544361505
681,59.232614703334875
684,59.41380805194385
687,56.575270180509584
690,60.777023270968996
693,59.40280072728005
696,60.5284105301051
699,57.587845138313185
702,56.502735812820426
705,57.123882569544364
708,58.67571175605499
711,58.97454075791046
714,59.11063661897583
717,57.63905432590017
720,57.668017926177484
723,55.94643713728662
726,61.46326225167354
729,61.655245833870346
732,56.708075561019555
735,62.29499679976924
738,62.48571961617374
741,58.09663760006915
744,57.88322374012612
747,62.6639739631276
750,58.92178729479142
753,56.331501129291055
756,59.596912051163244
759,57.6649741475175
762,60.37111072809398
765,58.53066412227439
768,61.72701034115697
771,59.320195960213866
774,55.16579695352025
777,60.548769315457754
780,55.874020681608
783,61.35518005645504
786,57.786823859591706
789,59.01406001164317
792,61.32062203458772
795,55.435899537125046
798,60.657039509503576
801,58.606156727330415
804,56.49442751803258
807,57.828458435551795
810,60.67000602421689
813,55.09404236805491
816,57.086491180463874
819,59.17593972032186
822,60.866260023378324
825,58.41035418478951
828,60.003452816700815
831,57.000878781803785
834,58.440028352548495
837,57.431217578416316
840,57.485358543422436
843,55.54870748727291
846,59.4292479982999
849,63.47644006680849
852,59.80915329892741
855,59.06881914352724
858,57.9302595560783
861,59.64529319724032
864,56.48694853110597
867,59.079065936639346
870,58.5038769709938
873,56.97832140628098
876,56.5590425893223
879,57.18184102396505
882,59.578570909326096
885,59.28623202567685
888,57.286851199836974
891,59.19683982901794
894,55.441591500833034
897,60.220341673886466
900,56.34811059672161
903,58.27622574180509
906,60.393125019842195
909,61.18241122396851
912,58.53069569071776
915,61.48479517206613
918,58.99860229188969
921,62.58669161562723
924,60.496691838353705
927,62.63124406923525
930,62.319038405526456
933,56.12094490912708
936,61.68075923883871
939,55.605008338763625
942,57.46686004405433
945,59.363909428695045
948,58.50350654492272
951,58.25123162289667
954,55.82377250299952
957,60.4729106275135
960,60.72268375683525
963,59.74942985903908
966,56.15751693086512
969,59.81487280366419
972,58.79042513692498
975,60.27887917809566
978,57.36938954244005
981,62.474350107835775
984,57.6100226006276
987,58.83811270540008
990,61.53276326896332
993,60.029151047058086
996,58.3453641188366
999,63.232855685691504
1002,60.19480850230892
1005,58.708885995528405
1008,57.24814953130567
1011,58.76883160606896
1014,55.48416395634829
1017,60.58700013549257
1020,57.42837891896986
1023,57.48989486509017
1026,58.73841630537898
1029,61.940821046213685
1032,59.89003754590608
1035,58.79986622790843
1038,55.06266727745475
1041,58.434533644639714
1044,58.23238333193966
1047,61.081290770714006
1050,56.43968737752501
1053,57.624579403222754
1056,57.12977275668284
1059,58.57277373760021
1062,57.937223035905866
1065,62.652978098867266
1068,59.12978016855247
1071,57.698729349884296
1074,57.397447957573185
1077,56.42506374027196
1080,56.446748057848126
1083,60.875797515909554
1086,62.35125675864331
1089,58.49698374787848
1092,60.35100713770305
1095,62.12036827813823
1098,58.27835133382575
1101,58.901661357653914
1104,58.035715281615424
1107,59.152762332968976
1110,56.21335333307162
1113,60.09591553658926
1116,59.23718262104369
1119,58.15175350710363
1122,57.68918677247744
1125,61.169742944713995
1128,57.412335215954236
1131,59.99779189853977
1134,62.24948952640441
1137,57.64709617922684
1140,55.17986202335104
1143,59.065406339975866
1146,54.83192053501379
1149,58.183275440823785
1152,57.655018200638324
1155,56.63942898257626
1158,60.53797449384073
1161,56.150278282668225
1164,58.88286772722963
1167,59.32266684698694
1170,59.95358887020816
1173,58.89872949768064
1176,60.095970381190604
1179,58.47534477804669
1182,58.26097239368992
1185,59.30132772325375
1188,60.92017453413398
1191,61.84825441735361
1194,56.79566634656936
1197,57.27820526411474
1200,62.74065719185967
1203,59.232106742039605
1206,56.88635305505257
1209,58.234846028033054
1212,61.505431685353074
1215,59.480118716161904
1218,59.76963869991266
1221,59.49640478873245
1224,59.617765471603036
1227,61.88177361434746
1230,57.934128691260504
1233,55.15519458350116
1236,57.072108249657255
1239,55.668000783532115
1242,61.96548936106522
1245,57.11459119750562
1248,60.30183532225682
1251,59.35075690269146
1254,60.89623840795582
1257,63.52445723141409
1260,57.53041178423234
1263,62.74554302735256
1266,56.48758153237709
1269,56.89441155493341
1272,59.04459612335561
1275,62.469612161164854
1278,58.56078824240869
1281,59.392454985244896
1284,59.27824688991605
1287,57.78727937016023
1290,56.917545539744296
1293,59.38586585373288
1296,64.84016928481007
1299,60.22045776477985
1302,60.320611686666346
1305,58.601465001295495
1308,58.308269419557234
1311,62.68938108783279
1314,58.88357727370343
1317,56.2856778864867
1320,59.74529519397087
1323,61.02616709137656
1326,57.42963986809907
1329,56.96116873215999
1332,56.95434976514234
1335,60.0947407234692
1338,58.14452234445579
1341,56.98915288887522
1344,60.33642984337081
1347,63.178190296322725
1350,56.339337795405854
1353,59.3929868886089
1356,60.81170112863545
1359,60.18181737144729
1362,63.2540189223977
1365,58.42454113656053
1368,58.3537995043347
1371,61.78444181640829
1374,54.354009587117346
1377,58.792341128146575
1380,58.785354301991426
1383,60.488251303842745
1386,58.60506524094116
1389,59.02983032591328
1392,60.80086673802538
1395,54.948804317326676
1398,61.222436315404934
1401,56.383584610785775
1404,60.682405886276214
1407,59.92497456836033
1410,60.5862577650003
1413,59.631897992361736
1416,54.191021705701814
1419,57.01241441608853
1422,57.10228496033169
1425,57.98332075331674
1428,57.632141285634226
1431,58.78211861781337
1434,58.992386425316724
1437,55.848470383819475
1440,57.91870757224329
1443,59.069224923286626
1446,56.56352828273229
1449,57.30411384998696
1452,60.382332239304425
1455,56.6432112418216
1458,55.72819321630018
1461,57.466258709859254
1464,58.71427646300056
1467,58.94511440267392
1470,57.70229413821905
1473,62.364462313877524
1476,63.72959608250259
1479,59.649421218098325
1482,55.51409234722398
1485,59.81722042421872
1488,61.67166466904596
1491,58.793662465524235
1494,61.61535701427023
1497,57.11627122371236
1500,59.1166875357044
1503,59.81351908969456
1506,56.997012355906804
1509,59.658213093473
1512,59.58665518344727
1515,58.1016021545005
1518,61.36141562073917
1521,61.2817724589468
1524,56.59471279032149
1527,57.665635128697694
1530,58.207695870928625
1533,56.23199352554917
1536,57.489359856711545
1539,55.895300109513435
1542,61.143552254321456
1545,57.78966745032968
1548,61.892306576105526
1551,61.176721832310896
1554,53.243179886884306
1557,60.640924606872986
1560,56.908285684455265
1563,59.652588038155315
1566,57.787876256726705
1569,59.880272479499126
1572,62.65926156005162
1575,62.04416249254281
1578,56.66839558928424
1581,59.7360545288372
1584,58.75156659473015
1587,61.6466706321228
1590,63.26398653861103
1593,57.14699946605608
1596,62.21491336470459
1599,58.91859411773047
1602,61.538268338727036
1605,57.40090089091926
1608,58.113263386894516
1611,55.74944200258333
1614,58.52780777494645
1617,60.669542581829354
1620,59.65813784460714
1623,59.0587443213873
1626,59.64805638055259
1629,59.0146029502562
1632,62.426885002373226
1635,56.90384117476357
1638,59.71374137631127
1641,60.93530144679979
1644,60.295537412751024
1647,60.69009935688401
1650,60.12031855789096
1653,59.15002322714834
1656,58.7202785310739
1659,58.89281643737712
1662,59.736177465406115
1665,60.374923687608636
1668,54.859662255014065
1671,58.40546724235891
1674,60.97659816008752
1677,56.795918537736554
1680,57.76953585376509
1683,57.23399152804668
1686,56.965049326361715
1689,58.840302862871
1692,59.630946932092684
1695,60.732786589940645
1698,60.865704373378115
1701,59.00512360103507
1704,59.42943082508807
1707,58.75712279766411
1710,57.45479534714349
1713,59.52941934026278
1716,58.03536067662875
1719,63.026352513886664
1722,59.55496303846577
1725,57.167378813650565
1728,56.74651978940356
1731,56.80946817702094
1734,58.8665601195256
1737,59.120174801403174
1740,58.340694691358394
1743,55.999421912365484
1746,56.020201558736005
1749,59.06767779140199
1752,58.45441964151138
1755,58.27744860562832
1758,61.694895388632105
1761,56.377718454992795
1764,56.62097690324524
1767,55.20314464023111
1770,57.540818189143025
1773,61.577998786993575
1776,57.90628554553757
1779,54.440404021895155
1782,61.44077899366418
1785,57.57473508836548
1788,59.10165798254987
1791,55.09123935086923
1794,57.60866542484189
1797,58.66446737169535
1800,58.3864227372991
1803,57.024913104716745
1806,60.087762917335155
1809,57.53115311879856
1812,59.34682150118581
1815,60.711096187415876
1818,59.46815891644987
1821,53.98242142718436
1824,60.40169385079419
1827,56.22482128989695
1830,57.08996065325296
1833,58.86027210850652
1836,56.74843954320801
1839,56.941895042755085
1842,57.07605750748009
1845,59.105207474916575
1848,62.75852852827302
1851,58.29768054695121
1854,60.00926971235948
1857,59.2262483289342
1860,60.870119404584145
1863,57.65196108837104
1866,63.99380641867183
1869,57.81124867784032
1872,58.873952826245684
1875,60.49271425058377
1878,59.72236639973919
1881,57.308262304121925
1884,55.96186254810783
1887,61.327855447887615
1890,59.87197822776867
1893,56.111543641128264
1896,58.10542789630559
1899,57.60642630373295
1902,56.23602982019065
1905,60.52838537512197
1908,57.29070883614761
1911,58.42481067428395
1914,57.487094529429484
1917,59.61941728642809
1920,57.89664322537677
1923,58.048336863912525
1926,57.257678396914855
1929,60.025387079632324
1932,55.63198506775831
1935,59.77133587996961
1938,58.793148462245064
1941,56.64955975450687
1944,58.69112591195066
1947,55.36746089097553
1950,56.55678929355647
1953,58.103958917370925
1956,55.57080498741976
1959,56.12983487747108
1962,62.57419592248264
1965,58.561953968543115
1968,58.604273959801745
1971,58.34225409929169
1974,59.20244561899692
1977,59.770114730998515
1980,61.064686567984666
1983,57.98754269096802
1986,59.40507290922371
1989,54.428397035123
1992,58.19170802060616
1995,58.14500298675021
1998,57.886599710598446
2001,57.641187210733314
2004,60.95225342891357
2007,57.97423900478128
2010,60.27258436013422
2013,60.177032493063095
2016,61.50690578800747
2019,59.508972854448245
2022,57.08388827883199
2025,54.654701925552025
2028,61.19535560423094
2031,57.10443097556513
2034,56.097584072401595
2037,57.127275014823155
2040,59.54630213709836
2043,60.26716699721228
2046,57.14917521162973
2049,60.42960791456572
2052,58.31695750285046
2055,58.720562492372515
2058,58.788796161026916
2061,60.72922418045634
2064,59.718969275132544
2067,57.55897489583889
2070,55.24927708674968
2073,55.86270792478657
2076,60.327399501329936
2079,58.76735649511736
2082,58.46781992044879
2085,58.05471899410162
2088,58.8496602246867
2091,61.66403976580216
2094,59.55629984674776
2097,59.592027567286436
2100,55.32013113540663
2103,60.727219345721814
2106,60.9968610167533
2109,57.627847088854935
2112,58.66262623788788
2115,58.71104572125436
2118,55.23550782199398
2121,55.1942884141738
2124,62.69010112285871
2127,56.94646177132305
2130,59.71303828476933
2133,58.21632750497092
2136,57.454648587901644
2139,58.323741022731895
2142,54.86906333244482
2145,55.65855762694995
2148,60.74504680802628
2151,60.04655684178903
2154,55.9147134195763
2157,58.977384868916246
2160,55.69968682181044
2163,59.91372138508747
2166,56.36174601819024
2169,56.92458118301268
2172,57.70450106271939
2175,63.85932843936088
2178,58.25449119253373
2181,61.55034775117893
2184,63.40949223153093
2187,58.60480818816891
2190,58.82294164628023
2193,61.82191877558226
2196,59.952264385500214
2199,60.6656797419741
2202,59.220885599849495
2205,59.76109427862282
2208,56.85180031187474
2211,57.73576484025578
2214,57.6608985137931
2217,58.42961938571724
2220,61.64425871567501
2223,56.493488305352216
2226,57.24194687510442
2229,61.390619211702344
2232,59.90040666970707
2235,56.54736948251916
2238,60.91460361809918
2241,57.59803736869226
2244,62.416085034028015
2247,61.387993766056226
2250,57.956322754414316
2253,57.55173593825784
2256,59.29543032165908
2259,60.04706099481268
2262,54.698770970024256
2265,60.02536866375251
2268,60.311116596971
2271,61.02133820008309
2274,59.35195893377846
2277,59.00103349491743
2280,57.44237601979279
2283,56.28454192766951
2286,54.59054615583186
2289,57.51174702405682
2292,59.3590661517832
2295,57.0497166662919
2298,58.40298106865348
2301,58.475512467302096
2304,62.4107712526364
2307,63.52149700678895
2310,60.51476926319979
2313,56.61409165329883
2316,54.778542582850946
2319,60.11696754800723
2322,58.75126758298196
2325,58.61901727576087
2328,58.14599464667178
2331,60.15032564112367
2334,60.602446183637674
2337,59.58870227522895
2340,56.70052948579549
2343,59.30951436001824
2346,56.04940766362911
2349,55.892964587697506
2352,60.63666922889409
2355,57.711817862065516
2358,58.59183388339983
2361,59.53219306898419
2364,58.93656223037616
2367,56.90581219547566
2370,54.323778379651195
2373,58.634319001009445
2376,57.43184094113136
2379,59.588532232505955
2382,61.8759503136522
2385,56.46410772771098
2388,56.156335261736274
2391,56.6542777882838
2394,59.26927211846562
2397,58.11620479724125
2400,57.77100346660162
2403,60.57810981950833
2406,62.85830728830452
2409,56.812728450259286
2412,61.041653818583896
2415,54.84553622226325
2418,60.99969010350668
2421,59.96579532870045
2424,58.73815731710452
2427,59.0854328967182
2430,55.31099620124114
2433,58.43629014334992
2436,62.25806021613342
2439,56.35599690164106
2442,56.55996145817462
2445,55.96604257972295
2448,59.1668721019019
2451,60.61896174057531
2454,58.34990658523126
2457,60.5546011398906
2460,58.99840263309716
2463,63.41425900554331
2466,58.45642309311105
2469,59.04312492117293
2472,56.1690772656684
2475,58.372292977915095
2478,61.73287003682683
2481,56.092418217799334
2484,57.09097695993398
2487,57.93590994116994
2490,59.696566311774994
2493,57.085096983112045
2496,58.682273903406404
2499,59.45822707985934
2502,59.678688296937096
2505,57.64543177947185
2508,59.16178184418584
2511,56.63165843298471
2514,62.5978080415061
2517,58.48481245826298
2520,59.883323376928956
2523,57.808177736693985
2526,58.22585085629502
2529,56.543284349375405
2532,60.918815796003834
2535,60.1642022227273
2538,59.34215320703828
2541,62.90442933501818
2544,60.47200783421321
2547,62.12145736252579
2550,58.288865064685204
2553,57.168915039075536
2556,58.60125793179234
2559,60.143424997718476
2562,60.1293895119728
2565,57.22668851498512
2568,57.11687556422353
2571,57.77320612801856
2574,56.157457985142194
2577,59.203211080429
2580,59.89452491737893
2583,58.780428713219365
2586,54.990809619328125
2589,58.76444452333774
2592,59.99098719392423
2595,59.18446163375476
2598,56.501082262745
2601,55.87690033698702
2604,60.26045310243383
2607,59.60469884002663
2610,55.28984722722735
2613,58.879186346437464
2616,58.958187359113175
2619,55.59095639275135
2622,60.70100209425575
2625,60.33110931687976
2628,54.65160509641129
2631,59.28142857254405
2634,60.560763411482796
2637,57.80759281566179
2640,56.95789389564034
2643,59.18229470450475
2646,61.81398853369133
2649,60.391913117299396
2652,60.730583107388
2655,58.4354720690283
2658,57.20719956588781
2661,58.88532660866974
2664,60.448562520204725
2667,59.51914112475579
2670,59.41006361960253
2673,60.16015134569231
2676,57.975908698377644
2679,59.251165949743765
2682,62.194648451283456
2685,59.492210184728854
2688,55.01129831634794
2691,56.875948352376916
2694,59.3265196382608
2697,61.4745644629635
2700,57.128128504994905
2703,59.4712511562761
2706,59.63914014060505
2709,60.153204969306
2712,55.70981244300052
2715,57.37800416743403
2718,58.297280714532484
2721,61.62739509905994
2724,60.476724253218094
2727,58.244760657826305
2730,59.38949942542162
2733,57.74275653485224
2736,61.855231117583344
2739,56.524709938525135
2742,60.79448922931183
2745,57.48432131792183
2748,58.76453883460516
2751,60.83475036885776
2754,52.12622750234091
2757,57.581343049962015
2760,57.19149591699649
2763,57.73663849829832
2766,58.02419190154227
2769,56.46176464309764
2772,59.67727392928587
2775,61.04451256001746
2778,55.537779498060594
2781,63.2386482506338
2784,54.980448614195765
2787,58.02977725442099
2790,60.76328817577363
2793,62.46378242442172
2796,60.62502708334714
2799,60.61888814775244
2802,57.27461674854122
2805,58.278157783134944
2808,59.060159074162826
2811,59.60079959829701
2814,60.077120678988834
2817,56.06675502404287
2820,59.27064007329344
2823,57.40452264796877
2826,59.078822569940314
2829,58.5803223136283
2832,59.23859985257307
2835,55.771394551957385
2838,57.989948745913196
2841,55.90993420562954
2844,58.76819263267454
2847,57.51270898019051
2850,60.24347224931561
2853,60.96695303363109
2856,61.88420275686752
2859,57.60155953507903
2862,59.130111711281145
2865,56.87197838560007
2868,60.36878922511185
2871,59.19167057698595
2874,58.68260240512992
2877,60.959823323714694
2880,58.02926724708643
2883,59.32765660561283
2886,60.654554015210124
2889,55.5987577385567
2892,57.69925834208468
2895,57.43027035030228
2898,60.182754472345174
2901,59.7570497382675
2904,58.54808765040514
2907,57.57254376062542
2910,59.63878991398335
2913,58.796064625953264
2916,59.87151082765881
2919,59.54910626398316
2922,58.453649345172074
2925,58.22838119587057
2928,60.43406228797734
2931,55.9868815900295
2934,61.834187798067966
2937,57.16619247514792
2940,58.02861142232356
2943,59.2881299301052
2946,60.33148671506503
2949,60.11453769716577
2952,61.19475775522606
2955,59.74015209494098
2958,59.44514790310005
2961,59.611907452355354
2964,56.18202512004807
2967,59.66548581560903
2970,61.03886133407671
2973,60.60523572017031
2976,59.13505566947731
2979,60.785501702492866
2982,60.1537988663836
2985,58.852547623348165
2988,58.92347161185148
2991,59.98990408356057
2994,57.28037118454174
2997,57.181292131706584
3000,60.02688070427331
3003,60.75708726332132
3006,59.51642182651447
3009,59.61581722185281
3012,60.037411471088525
3015,61.864114689832505
3018,59.65699219935526
3021,58.022961940606024
3024,55.80473800111868
3027,57.66273056082548
3030,55.487525979937914
3033,60.72861174021466
3036,57.42557102885079
3039,61.47701348541368
3042,56.75132722715218
3045,59.2577573439299
3048,58.69382708997997
3051,60.9723041114416
3054,59.92764740057587
3057,61.25808091411098
3060,57.381498897174346
3063,57.30875363590552
3066,56.35655215036638
3069,58.32074389598811
3072,62.708694926944005
3075,58.10949438795509
3078,59.31007567438614
3081,57.072164386362246
3084,59.87721393859255
3087,55.0388044602217
3090,57.406525736182765
3093,61.40653969426721
3096,58.10332020735969
3099,59.501732666977794
3102,59.36590952541651
3105,60.76494739210089
3108,59.952767029222535
3111,60.15477823587086
3114,57.97566979737299
3117,60.72339774321618
3120,60.02894510251743
3123,56.760504101841455
3126,60.01630124131634
3129,59.11984778091763
3132,57.27060635584256
3135,58.14316745356223
3138,59.0499972364987
3141,59.78815556714935
3144,57.886248310643325
3147,57.5103496975628
3150,61.66021081266831
3153,59.384802598636
3156,58.47663099452867
3159,59.87348108115666
3162,57.886649419426455
3165,58.45040207431591
3168,59.53764359693232
3171,58.48785374281662
3174,57.84576494224236
3177,58.73986253804056
3180,60.78354492772851
3183,61.11056490721751
3186,59.10548819223254
3189,57.82077269349786
3192,60.09607131016761
3195,57.84799384239094
3198,56.04526006669171
3201,57.229764069964766
3204,61.20969575579511
3207,59.851938972491496
3210,59.16264262715875
3213,57.115145202504166
3216,60.719700761665685
3219,55.0982467425143
3222,61.42922265362894
3225,56.428755343879196
3228,58.51064691055058
3231,61.86281738277388
3234,58.61814283615075
3237,57.322134727358446
3240,57.56725527170219
3243,59.003215142015975
3246,62.076136656636926
3249,58.59418177873075
3252,61.374054124349676
3255,59.47189929439751
3258,61.34372925995084
3261,58.00337145661945
3264,59.311351645931836
3267,59.6862709192445
3270,60.71181118585618
3273,61.537331256367374
3276,61.660692672017205
3279,58.2477104596663
3282,59.997210507192165
3285,58.68066780538503
3288,55.75272383724099
3291,58.63878505166375
3294,58.59891285089036
3297,59.581454285587526
3300,60.48145019474431
3303,61.60673258057784
3306,59.7351188576158
3309,59.55743142178515
3312,60.37489646171959
3315,61.12161518169237
3318,57.946613490942624
3321,57.05920556041555
3324,60.11468583010043
3327,56.41332111544831
3330,60.15374607442942
3333,60.724011171333714
3336,57.538097880313785
3339,59.71631098098843
3342,57.845726184059046
3345,58.804902084974856
3348,61.20899334809802
3351,62.05098066037341
3354,56.14663144458558
3357,61.224341654444686
3360,60.827885142433026
3363,56.60483199663397
3366,58.81920861195526
3369,59.96759759441676
3372,59.864444917144304
3375,59.084857629742466
3378,60.910684473059106
3381,57.65564929006448
3384,56.160654991680644
3387,63.33461084588193
3390,60.11588580903471
3393,55.88089366622413
3396,57.10532255460779
3399,60.950709383275935
3402,58.80526723149448
3405,61.85737506030233
3408,59.906595658545974
3411,58.04376211255277
3414,57.372882316833966
3417,55.748206920704625
3420,58.974674960088656
3423,59.124318489276526
3426,57.71619759261462
3429,59.79653960895348
3432,61.26330647147647
3435,54.65133802387159
3438,57.77844122352072
3441,58.26082234529258
3444,60.403957549179566
3447,57.148474661162574
3450,59.44384105153582
3453,58.97126259181677
3456,57.16490587176033
3459,61.8452564306
3462,60.739535795258334
3465,62.90704828212721
3468,62.01835661475953
3471,61.950600828423106
3474,59.51630973227757
3477,58.56655681556229
3480,59.730502214891054
3483,60.94233740545847
3486,58.39096603899937
3489,59.96100213161841
3492,61.159159735472926
3495,58.03229536141049
3498,60.04178631094099
3501,58.33957330669655
3504,60.0550873938969
3507,59.297213998689685
3510,58.0375012443897
3513,57.07539651098559
3516,59.18916587816504
3519,56.802626479400146
3522,58.6543932748002
3525,59.119367419401215
3528,61.50741949104106
3531,58.107502670383965
3534,60.64898829162155
3537,57.64630943377665
3540,62.25367188733061
3543,59.13996914104471
3546,58.84215120102964
3549,60.256637190753466
3552,58.586562832384935
3555,56.153532402445386
3558,57.86714987438645
3561,59.45319158513181
3564,60.28705658910377
3567,59.32296596312947
3570,57.94075661510091
3573,58.7611731777847
3576,56.85039510394323
3579,59.63541533886804
3582,58.287096682716495
3585,57.18697401091357
3588,58.10934322941337
3591,58.12899260837283
3594,60.370673680089155
3597,58.19962778718294
3600,61.79671936197146
3603,57.822274406661656
3606,59.302827745102846
3609,59.52725413057002
3612,57.781677702958106
3615,58.1778019360464
3618,58.90009946583575
3621,56.729372487365275
3624,60.251846469281205
3627,58.88811992381826
3630,59.98452921403291
3633,60.41664081361289
3636,54.39057664019144
3639,58.95604197338764
3642,60.0825099754911
3645,59.06390522399327
3648,61.34744218272688
3651,58.35068392376547
3654,60.03720560047695
3657,56.44316829537087
3660,59.12366902549168
3663,57.72526570166491
3666,59.76099255498709
3669,59.23693639307695
3672,62.310344614220504
3675,59.04427099706648
3678,60.21814176078973
3681,58.68924160721285
3684,61.38915278325129
3687,58.082936498472996
3690,57.51977666998522
3693,58.66153724019104
3696,57.92754358564996
3699,59.16061805922003
3702,60.62989193567624
3705,61.09684560215053
3708,58.21248524557825
3711,57.997559715003305
3714,57.2260935570079
3717,56.53478216767062
3720,57.37166095968221
3723,58.67139130333511
3726,63.64878344865726
3729,55.837464760629345
3732,56.28635505044582
3735,62.47950102259209
3738,58.938610413775464
3741,63.991717451693624
3744,56.94608230200362
3747,59.928511330028506
3750,58.27362222428701
3753,55.34903714441814
3756,61.313908073196615
3759,60.09074724528002
3762,63.525675208804344
3765,63.41502038420511
3768,61.0306439976005
3771,60.82596070070971
3774,57.970669283379834
3777,58.07719418274864
3780,60.43616592516751
3783,58.63892018437074
3786,61.696976942163154
3789,60.321248161869846
3792,58.93476956767275
3795,61.25770690993138
3798,56.6335866629709
3801,60.18108827673709
3804,60.324592710398484
3807,62.87475674831645
3810,59.556321927857525
3813,58.000573864351
3816,61.86416086047043
3819,56.896603856393334
3822,59.87575073617969
3825,62.08099352114333
3828,58.98937625550485
3831,58.752830821417525
3834,58.20801483166643
3837,60.48359649470406
3840,58.45876690420562
3843,57.104199156794664
3846,62.28079199530382
3849,62.48774416873245
3852,57.75580773163974
3855,59.49236551003338
3858,61.182718672282796
3861,56.62118212597932
3864,57.70793862758903
3867,56.67796397357521
3870,59.9212693185973
3873,59.081804780499056
3876,61.90085807602277
3879,60.16721064837018
3882,61.137171104942354
3885,58.07884597863621
3888,59.06283958819309
3891,58.5242605611297
3894,61.322149521890196
3897,58.31804433485174
3900,59.38116424131456
3903,56.54650893989539
3906,57.72253453427929
3909,57.389255301639366
3912,61.96205782036738
3915,58.93827739738346
3918,60.41178933214799
3921,59.81370956563211
3924,58.04336898865158
3927,58.68905752176342
3930,57.4745751474231
3933,60.535364903989375
3936,59.36834332893276
3939,58.005832902752466
3942,60.97520872753357
3945,56.75214146722245
3948,57.49792039923481
3951,60.490897647397404
3954,59.56307834194722
3957,60.511362956677274
3960,56.3226405704098
3963,58.9118101762787
3966,60.303728303090246
3969,58.84218012627357
3972,59.405547287132414
3975,57.81328625900026
3978,61.3503436237383
3981,59.30437786740032
3984,60.566020258268736
3987,59.84321005408377
3990,59.35401528601547
3993,57.35020125729519
3996,58.014065728077846
3999,58.00509001963835
4002,59.34415038459182
4005,62.643673624157415
4008,57.72451223300603
4011,57.956652936107346
4014,58.887231222953915
4017,61.74409156761086
4020,59.53704502690614
4023,56.34852596255265
4026,55.808379911850366
4029,55.079301722952
4032,58.298609019128286
4035,57.550134187179935
4038,60.67091917008706
4041,59.85086228323983
4044,59.97699053572825
4047,57.80752936465268
4050,60.52695497798197
4053,56.384605945573114
4056,62.01834727957091
4059,58.50893226739568
4062,59.14305716450972
4065,63.252658457436425
4068,59.537947480144894
4071,59.68525164051325
4074,59.958703065862096
4077,56.710300173326026
4080,56.536549396230704
4083,57.97830918673729
4086,59.938750336766056
4089,62.66148435404121
4092,59.99273026089061
4095,55.33894658568325
4098,60.62824445470464
4101,62.23603520573147
4104,57.16871177245126
4107,58.420287294883714
4110,61.98247921991269
4113,58.4965722366093
4116,60.68198717049485
4119,60.253755128232555
4122,56.73824949225318
4125,59.752989963947144
4128,60.499036529386004
4131,59.69480274971268
4134,60.056595539693646
4137,56.808778447673376
4140,53.66862909619324
4143,56.32554248511171
4146,60.805747800089705
4149,62.08142454600825
4152,61.95264273582603
4155,60.18929824402353
4158,59.7411697703134
4161,58.02036819486094
4164,59.22358304928082
4167,59.50291015322432
4170,58.69250330227735
4173,58.04929078354455
4176,60.08129523196875
4179,60.50866422084615
4182,61.800570330110055
4185,59.3605181645248
4188,60.49666254932794
4191,57.66950280324013
4194,57.00513952010904
4197,59.10459546641211
4200,60.38402308117951
4203,62.190395661636366
4206,59.83827502365847
4209,61.9704523372097
4212,60.73460253315382
4215,58.96612360539838
4218,55.67664152014292
4221,60.833426877211856
4224,59.24420487562171
4227,63.1687921282782
4230,57.433575546994156
4233,61.61599088299043
4236,59.91736577072602
4239,58.05218861863824
4242,57.52345844676567
4245,55.75968214202152
4248,61.79895200062176
4251,58.17531015756619
4254,61.22527257909654
4257,57.21721857812018
4260,62.28729866500415
4263,55.93600903713957
4266,55.795008483782134
4269,60.095161268203256
4272,57.85233438410754
4275,55.58548105160829
4278,58.84411648860855
4281,55.76653303030499
4284,56.491633064224175
4287,57.97347880933798
4290,60.581656301539034
4293,62.26090966162501
4296,60.268191511621765
4299,59.506378838696435
4302,57.38929831321758
4305,61.394813267595296
4308,56.99384119126654
4311,60.100893352525816
4314,58.56296320073536
4317,61.35712038680269
4320,59.12074123851867
4323,59.73134219814201
4326,59.980267547522224
4329,60.418145902796354
4332,55.09108848552487
4335,62.91326633108175
4338,59.32234400365094
4341,58.56118928457573
4344,58.019418150618364
4347,55.15384616658
4350,60.058267771462646
4353,59.62579960394631
4356,61.64572504205756
4359,59.58098684499669
4362,61.002666253933874
4365,60.53268733278692
4368,59.506978266669435
4371,57.358405446218875
4374,59.81140143051217
4377,59.409206792433466
4380,58.957936722564796
4383,58.07040199803937
4386,59.60036049244095
4389,56.8086244997299
4392,58.53283852852892
4395,58.44459037344825
4398,62.1029700639156
4401,61.84875818486794
4404,63.337634107104954
4407,60.276932477646724
4410,60.241417009185184
4413,58.788599876479566
4416,60.97999690847119
4419,59.80773481321387
4422,59.30998349508023
4425,58.95847120218541
4428,61.16907699678783
4431,61.26371300919892
4434,57.80728880574186
4437,57.10429410353724
4440,62.733736935119076
4443,59.842001007509644
4446,61.66846152839115
4449,60.51832871894527
4452,58.330425154953446
4455,62.12226624986935
4458,64.77942239803248
4461,58.769316753013356
4464,59.13498003092305
4467,59.1825169429903
4470,61.578651749678144
4473,58.616499540102566
4476,57.43360004735907
4479,57.30681492836013
4482,61.76918084421899
4485,58.02956513111201
4488,61.00714181611836
4491,57.269799227650275
4494,61.12524154078848
4497,58.74968701284494
4500,60.77143405043582
4503,61.83648870323342
4506,60.202884891999005
4509,62.989331573261666
4512,58.210866433513345
4515,60.53386077001969
4518,56.24541668659882
4521,60.414222762499676
4524,60.99411845997804
4527,58.94219927942036
4530,59.48371761933656
4533,57.63847202901494
4536,61.23244268521298
4539,58.19018955556595
4542,61.29810858361028
4545,58.82666773904862
4548,59.950149074937976
4551,58.25778126948857
4554,57.87282674104664
4557,57.63863100319004
4560,57.93739831516035
4563,61.98884478532957
4566,57.38178590494547
4569,61.25863368016606
4572,57.74090109974829
4575,59.92575223694549
4578,60.94086143427948
4581,59.568556747872606
4584,58.784186057976626
4587,59.99013533192719
4590,58.14620265098368
4593,57.83208186866407
4596,56.58464571389701
4599,58.60421040521944
4602,59.94575352359211
4605,60.04301420058415
4608,57.327379593546006
4611,59.39408101828728
4614,59.38306219760604
4617,60.78083148084454
4620,61.30907310812036
4623,57.197357241964184
4626,59.47273482798246
4629,59.18523571658009
4632,65.53517684790754
4635,61.2853989386479
4638,58.90753123467202
4641,58.601817152826484
4644,59.96970297793858
4647,57.71565299366701
4650,60.553593629778206
4653,58.59921477173758
4656,59.91071990618731
4659,57.1272911149489
4662,59.218658796023114
4665,57.22180761212163
4668,63.52792801143337
4671,59.224702843379056
4674,59.065365633600415
4677,58.864493161088376
4680,59.1803038481444
4683,57.912531749322795
4686,61.07602957462141
4689,57.34602741340691
4692,58.34791067309396
4695,61.94491871278001
4698,58.70194654949536
4701,60.497526769295106
4704,57.25357502308403
4707,62.658449339385996
4710,60.95155650221378
4713,58.9175277334232
4716,61.71073274931407
4719,60.04945388303514
4722,60.80998467219172
4725,58.06749874837768
4728,59.89867453470547
4731,56.8789057920716
4734,60.42822432011345
4737,60.36351942151784
4740,61.39830452066225
4743,60.68229888368918
4746,59.950550318337505
4749,59.66044852528749
4752,60.3216250155318
4755,57.527627089001314
4758,61.68439477887549
4761,60.814622779295576
4764,61.32757692217395
4767,60.46381327191457
4770,61.081758272694046
4773,57.24523837979234
4776,60.9404402469505
4779,60.68354194750833
4782,59.37591423921084
4785,60.821035565235526
4788,61.77639567725729
4791,59.78857574079926
4794,57.18781917602497
4797,59.088695062763506
4800,59.808275123075894
4803,61.086089174790644
4806,58.021596228853205
4809,59.913555673892326
4812,58.71707832902907
4815,58.71095927139097
4818,58.97054006183148
4821,62.90110005275646
4824,59.63950486406918
4827,60.95807136520604
4830,62.78936561353032
4833,60.4911135793811
4836,61.52785582062474
4839,61.49493659271648
4842,62.78231061791762
4845,61.5031744360144
4848,58.97560567064666
4851,59.72884709628139
4854,61.12649790638094
4857,60.05718416816376
4860,60.51133353460226
4863,64.3152700689147
4866,58.11298515407979
4869,59.837736482469964
4872,62.110439637800106
4875,57.894184125256444
4878,62.04640229815218
4881,60.38412092915756
4884,59.95518996470273
4887,61.73245025164982
4890,60.140493673294074
4893,64.55246342112792
4896,61.06078573310456
4899,62.17545886497411
4902,62.31428152041383
4905,63.65258336199507
4908,62.54455763606852
4911,58.36562696775235
4914,62.39928115711899
4917,63.349015765921834
4920,62.689680040313874
4923,57.39217199230152
4926,62.03746107911836
4929,60.81945581748033
4932,60.97657483277176
4935,59.436030946086554
4938,59.423933528052586
4941,59.83289374642133
4944,60.80743422204589
4947,57.48830462109085
4950,57.1442023075316
4953,53.97864005233189
4956,64.82047968491713
4959,57.51010268284468
4962,58.02598785620556
4965,61.48660625450093
4968,59.15851582760363
4971,61.614528039300936
4974,59.845583538571724
4977,57.5861730420041
4980,61.35198963764143
4983,63.11529055908327
4986,61.50355690202823
4989,58.81462107198174
4992,60.30157624015182
4995,60.99249382730882
4998,61.05836542832738
5001,62.718389393342136
5004,58.54197723597495
5007,59.95026010249887
5010,62.22565899106847
5013,63.05282931866985
5016,61.3952873933826
5019,58.94143808304359
5022,59.034094974130824
5025,62.18060091441934
5028,59.65394869513191
5031,62.0519978836733
5034,59.186480736746944
5037,58.31505459486732
5040,61.451445503735464
5043,60.577198765538604
5046,60.45373809820425
5049,60.77922360770034
5052,57.53033823406755
5055,58.34555269637053
5058,58.39181659550508
5061,60.910224379997864
5064,60.64190537612201
5067,62.63330180894134
5070,60.86791664628017
5073,61.27931933396879
5076,63.323428395443784
5079,57.400887023987046
5082,54.643531425447954
5085,61.714263495385225
5088,61.231402071808375
5091,55.9244486649132
5094,59.995539168501466
5097,62.864747217641835
5100,60.8575425694351
5103,59.726063155796666
5106,59.77976728671024
5109,59.51442168462678
5112,58.16976344240733
5115,61.13609453075187
5118,59.56829876701961
5121,59.69344460206808
5124,60.74453213718766
5127,61.28247582204945
5130,58.36192933939376
5133,58.441198686153804
5136,58.354361449897624
5139,64.1948016750633
5142,61.04070083357239
5145,59.021313910603986
5148,60.125838483977915
5151,61.45252332502795
5154,61.18890521417395
5157,59.54491065464011
5160,61.2716508884119
5163,62.810553614566984
5166,60.596298205085475
5169,59.21584960595592
5172,61.940561447452524
5175,60.90554818751268
5178,62.53030327978921
5181,61.66994444624815
5184,62.34914088230751
5187,62.16418802502665
5190,60.980250299826196
5193,64.73244338116506
5196,61.5876968347544
5199,59.915833192620894
5202,58.66884071058261
5205,56.87527443434006
5208,60.55811505732438
5211,57.25784159160408
5214,59.23886084338365
5217,66.2314025775229
5220,58.975420782573146
5223,58.57638496765168
5226,55.89166208604878
5229,59.41477422438002
5232,61.33126857177001
5235,61.0715045329398
5238,61.360254615880955
5241,61.04762953917329
5244,58.59697577257383
5247,59.14811896081151
5250,57.72817619686348
5253,59.132879421883125
5256,57.70394496421129
5259,57.94781955443674
5262,63.986375092806554
5265,57.427473433844874
5268,58.762627504945826
5271,60.45589692988627
5274,59.64644400362814
5277,62.247718729253165
5280,60.486555966451036
5283,62.5187593639488
5286,60.091380370790645
5289,63.56825583572278
5292,61.00675538373768
5295,62.35250102575039
5298,61.432140417976335
5301,59.858280136472125
5304,63.01226526482824
5307,60.063124191745864
5310,57.889030676910735
5313,60.35777558247364
5316,59.683105316070055
5319,61.06972734410336
5322,60.63321254906149
5325,59.58581195182668
5328,63.209786707508215
5331,59.134897143915566
5334,57.31162416587728
5337,62.8117879220782
5340,58.08207538287562
5343,61.62790877935724
5346,59.24646505230645
5349,57.44631527999373
5352,63.205583488160826
5355,62.950781399612154
5358,59.910553798109355
5361,63.13438306305094
5364,59.68395688385327
5367,59.1441637642625
5370,60.388604376103544
5373,64.99917613991413
5376,63.242645504092536
5379,60.13454548644927
5382,63.68493844393197
5385,65.67827034690643
5388,59.99069540383143
5391,59.435364685825576
5394,64.50027579519083
5397,59.67981014945833
5400,61.37384844039574
5403,61.289136175218474
5406,58.2284903775272
5409,59.14706892568652
5412,59.97565417497141
5415,61.75120090945438
5418,64.36524247581602
5421,60.383416019953664
5424,59.30040390200111
5427,62.04469059497408
5430,56.17153787724798
5433,60.84375823927432
5436,59.86176237595748
5439,61.33850818346015
5442,61.809697262212595
5445,63.27569296081924
5448,64.01796787495638
5451,61.68770079263679
5454,59.08867692357046
5457,59.614382122488834
5460,60.08152465687276
5463,60.22656192157198
5466,61.424400083245985
5469,60.32327111571328
5472,61.4366019077777
5475,60.79921552838746
5478,60.12252807200806
5481,61.585936351294414
5484,60.94141189284077
5487,62.71423114435885
5490,63.12325547652762
5493,62.100022496676374
5496,64.22081969341403
5499,60.5431863944082
5502,58.9612151805526
5505,60.607074608570144
5508,57.17348436879414
5511,61.19728562576794
5514,64.4154312288861
5517,59.636892653533245
5520,60.59492234778021
5523,62.07052738179525
5526,60.11617031810842
5529,61.42348030747951
5532,58.257508087888084
5535,62.20551511513763
5538,60.388151107808994
5541,56.557825426036274
5544,61.67794367696892
5547,59.265356568938536
5550,57.934363627674394
5553,61.03137803892694
5556,60.174839892154935
5559,63.1153172603142
5562,63.90479118942197
5565,62.063746057063
5568,61.680662635340965
5571,60.46683611636505
5574,61.82237895129206
5577,61.38518822058684
5580,61.36017018607531
5583,61.51005987217026
5586,60.63883209514948
5589,60.659329712675664
5592,58.51328613986243
5595,61.78696615210028
5598,58.62057261999411
5601,61.74467006972755
5604,62.225247057839134
5607,64.03817883454892
5610,62.4048670019346
5613,57.64095451074312
5616,63.36415039243493
5619,59.614658831838696
5622,61.940635287326685
5625,58.1248213034264
5628,56.76391357362875
5631,61.4450392361848
5634,62.26561119044554
5637,58.01096167950973
5640,61.78619510557634
5643,61.495534474895145
5646,59.10755069558705
5649,60.89620163115222
5652,61.89099445694578
5655,63.343253710616736
5658,61.65994733972044
5661,62.66175418476969
5664,61.81222545532703
5667,59.533228821542636
5670,58.92401691828529
5673,62.741486968768335
5676,61.70803293634583
5679,62.067756640321555
5682,61.584564622745816
5685,63.02769198618667
5688,57.50494415105972
5691,61.502242766299936
5694,61.78360353822203
5697,59.53717352740038
5700,63.15272293547791
5703,61.58597949154622
5706,58.58460618820059
5709,59.83126579413484
5712,62.0277567785968
5715,62.28101858156365
5718,60.88263448796082
5721,60.50065064473672
5724,62.62188515397465
5727,59.10272054370448
5730,59.62556140501384
5733,60.77114723987687
5736,60.343831925122174
5739,60.45085758582612
5742,60.59751219577292
5745,60.53306351886006
5748,59.758806308566875
5751,61.45557923905968
5754,62.00310956912845
5757,61.06546091051109
5760,58.27107326013695
5763,61.33772487604946
5766,58.564900948857655
5769,60.87820052002371
5772,57.82357395228915
5775,62.93584729258322
5778,58.609917323221865
5781,61.287375827277984
5784,60.46923564043741
5787,61.56516012878092
5790,57.645828816577556
5793,61.02735263444231
5796,60.5028615280724
5799,60.69700270623044
5802,57.90373358131042
5805,63.133083808645495
5808,57.12899956816801
5811,60.19937680859001
5814,56.198425833377634
5817,58.16545982609922
5820,61.9230106514971
5823,58.65412258394632
5826,57.60849486762133
5829,61.74213613731588
5832,60.02394922999231
5835,60.648939418179076
5838,62.82190873367499
5841,60.37213840981839
5844,61.45610153959086
5847,60.978670596243646
5850,60.68781687648446
5853,59.56586793716288
5856,60.90628636965779
5859,64.66262162554452
5862,59.399463549685194
5865,62.74458206106849
5868,60.64370191097129
5871,60.38868386902857
5874,61.345853928690666
5877,62.77368428465652
5880,62.90906919767373
5883,61.06888624969262
5886,58.517331463261506
5889,60.556826327494434
5892,60.22794368747326
5895,59.46870842010834
5898,63.83216190799154
5901,60.541595079919965
5904,60.43299240608534
5907,58.60158366527295
5910,62.93835396550884
5913,58.682929718198714
5916,62.769935833306235
5919,63.19610295670144
5922,59.67450662663066
5925,59.006898682085875
5928,60.31545123870637
5931,61.21300088823402
5934,62.359981543402014
5937,59.124441402500295
5940,58.523964717262025
5943,60.09056731329548
5946,61.47759381140603
5949,58.384594940802074
5952,60.33883826612487
5955,57.541356232795486
5958,60.193263881989466
5961,59.77458373315706
5964,58.77846570035736
5967,61.031133186315266
5970,59.76118409789363
5973,57.779856047450906
5976,61.62774982781726
5979,59.929426903943956
5982,62.59129048829233
5985,62.939041993561034
5988,60.08327048944689
5991,61.495270604568724
5994,60.41693657701829
5997,61.384142224658845
6000,62.70963181221556
6003,61.55132019895096
6006,57.77350394825861
6009,59.257346594281955
6012,60.723776733428544
6015,61.17093966485852
6018,62.00919381894424
6021,61.7434846457423
6024,60.685697685900394
6027,59.550123223473086
6030,60.03110981718338
6033,60.32652199543395
6036,61.83419137890066
6039,62.01738450011661
6042,60.01000010286983
6045,59.77197627891005
6048,60.165602077598535
6051,60.1909626887126
6054,62.72234888085344
6057,61.022261267867236
6060,59.46542262561636
6063,63.26515868858413
6066,61.62608212120112
6069,61.36482065411617
6072,61.63371188573975
6075,63.968623885060666
6078,58.52920206017659
6081,63.651341906961775
6084,56.60217137386619
6087,62.75477442350699
6090,59.80481311118283
6093,58.712651377753104
6096,62.04347908810949
6099,59.708874378044285
6102,61.21696608491739
6105,62.56848369102296
6108,58.512526333676576
6111,59.79392047729923
6114,57.99525378098991
6117,61.05961070642608
6120,58.61785237179104
6123,57.1252244528873
6126,63.1597544876375
6129,61.559233106344735
6132,60.42052914820583
6135,59.16765415180415
6138,58.39368670417194
6141,59.92824612456984
6144,59.12555707991878
6147,57.232170756827784
6150,64.60683401682215
6153,60.21560167545844
6156,58.71760290583272
6159,60.013230411686244
6162,60.54354126645508
6165,60.08518880411541
6168,59.7577803861462
6171,59.57675148466474
6174,61.10404023322972
6177,61.49401533440427
6180,59.851820140304525
6183,61.8045439237482
6186,64.48777485967814
6189,58.346895053928016
6192,65.22564127924171
6195,62.198626543255195
6198,59.09868074309052
6201,60.246917872460095
6204,62.36380799437038
6207,59.709104472423896
6210,60.329158173691404
6213,60.68414938361051
6216,65.25782952621579
6219,60.65133018535606
6222,59.86046548937112
6225,62.01796554468956
6228,59.619351752595115
6231,65.15887197617572
6234,59.70586857374235
6237,60.80760486263754
6240,63.02070778920263
6243,61.460730393671234
6246,60.66842812079874
6249,59.908437105822415
6252,58.59950399958437
6255,60.05491314278083
6258,59.76423582972723
6261,60.474279663996285
6264,59.6461730937761
6267,57.25331233870253
6270,63.49285463614601
6273,59.563961027730386
6276,59.0375934344951
6279,57.648232500219784
6282,59.21777367511794
6285,58.34905878164308
6288,58.93579739665715
6291,58.91135997437438
6294,59.169643921957665
6297,60.36999711543243
6300,62.975242155209955
6303,61.58920414532973
6306,61.76881554295312
6309,59.86992863469875
6312,60.7672897408803
6315,60.68799837129147
6318,60.63521744400648
6321,60.18595950241066
6324,61.60327564895927
6327,64.62144799306643
6330,62.11811695104732
6333,57.880394429517004
6336,64.41357110370134
6339,61.821211192627096
6342,58.14509138708911
6345,61.29977040494542
6348,61.45006303914066
6351,60.88454325245666
6354,58.65113415347317
6357,58.732052782496886
6360,60.851531565956066
6363,64.50576904176671
6366,58.968257630548045
6369,58.53867075229298
6372,61.058112778210486
6375,59.31066753601003
6378,59.902794732163464
6381,62.69380142378428
6384,62.82151764352375
6387,61.70499124367446
6390,62.733891921046144
6393,61.43020926534105
6396,63.610370760690635
6399,59.18897736768285
6402,59.881610488486004
6405,58.75256829392979
6408,60.62392650205817
6411,60.00132960060743
6414,62.613531615900555
6417,59.91603799028432
6420,59.30417929890647
6423,59.18106611704243
6426,66.35386922726124
6429,59.69400722124586
6432,60.137477608282026
6435,58.02068871724124
6438,56.55324846623087
6441,58.98291637985693
6444,61.85648402768169
6447,63.98483447925453
6450,59.837378582092654
6453,60.974897360898396
6456,61.98859278960016
6459,57.77046639454062
6462,59.27879854151179
6465,60.785731714760196
6468,61.31129557691977
6471,61.36674910969488
6474,59.64945700722957
6477,64.08990417083194
6480,59.17354736902867
6483,58.83381451998322
6486,62.91850339542092
6489,59.82825452357082
6492,59.124662415095145
6495,58.94739159540135
6498,61.96865898402516
6501,61.166418460957324
6504,60.84521527581599
6507,60.30624942662784
6510,61.814967927618525
6513,58.70677449443127
6516,58.88736766243752
6519,58.96901892371632
6522,59.46885268668476
6525,60.49698871913787
6528,61.61119243177575
6531,61.53772139985273
6534,61.36381829017215
6537,58.457304325877736
6540,59.60337013386595
6543,60.14532645066272
6546,58.866767209144086
6549,61.39045866020475
6552,58.7914818293587
6555,61.57711892424351
6558,61.891144258239876
6561,63.45637528143
6564,60.23646719050885
6567,60.47193671005184
6570,63.22727524568488
6573,59.01499008406046
6576,60.39242716117243
6579,59.88207473972854
6582,62.46228691136257
6585,58.57101296685806
6588,59.66404296162278
6591,60.16231475886669
6594,61.92809094051661
6597,60.193918619469834
6600,60.69099800596172
6603,58.33845533674274
6606,59.910984498183346
6609,64.06611686478438
6612,62.937910994215386
6615,63.145276671250755
6618,58.81025360030342
6621,61.46069946086421
6624,61.367235145470374
6627,60.35639444041959
6630,58.861163399197075
6633,61.68872133664511
6636,61.760756798816566
6639,58.34266083577383
6642,61.752898156040224
6645,60.0817183057482
6648,58.08516131626808
6651,60.98269255239268
6654,61.87052953021866
6657,58.43139571120652
6660,59.67128616938063
6663,63.00956346623453
6666,60.205818944025246
6669,58.42265508880736
6672,58.26068181432398
6675,58.71593327207241
6678,60.98981870681322
6681,61.77422101527539
6684,59.34148076889638
6687,60.9424926910772
6690,55.00298732876429
6693,59.79781458899513
6696,58.77243160299779
6699,61.575007192298834
6702,61.472245087911006
6705,60.26182857311822
6708,59.07451575330631
6711,56.93049527961516
6714,58.150744739346706
6717,61.93303029569478
6720,60.38342748152412
6723,60.86722674798583
6726,60.18917378404569
6729,57.35067853668655
6732,59.036214580342175
6735,61.54349463713819
6738,58.07410927227551
6741,62.381928077763504
6744,57.92816490234388
6747,60.47962560463775
6750,61.744240614904946
6753,60.60779532503972
6756,59.66422814042519
6759,59.654605209625366
6762,57.41705299242468
6765,58.77370813309339
6768,58.533991267113244
6771,60.53707064372928
6774,63.75692567554479
6777,63.1457584212367
6780,61.16781157970142
6783,62.72324276352299
6786,60.16765036597612
6789,58.43414992278001
6792,62.19026207550718
6795,60.89748548846069
6798,60.240667696992716
6801,61.439428983842745
6804,59.39362708951186
6807,58.99518669852348
6810,63.592226989800714
6813,60.370363052946594
6816,60.29071675648947
6819,59.97008271269969
6822,59.25949407617467
6825,59.924186543141296
6828,59.5953066976748
6831,60.009750620188925
6834,59.66071848665486
6837,62.286747065211706
6840,59.28767618768546
6843,60.623220657179104
6846,58.07198562341923
6849,61.704597492782185
6852,59.675810211174735
6855,64.6398672891397
6858,62.46489813091389
6861,62.03054423942027
6864,56.17546394818138
6867,59.180876328373344
6870,59.83921816824162
6873,61.29658120277065
6876,58.65384096208966
6879,59.81875455914677
6882,59.61579042129798
6885,61.192458509175864
6888,61.96265035344743
6891,61.627016128666355
6894,58.651188998991685
6897,59.40101711590679
6900,60.01462048073544
6903,62.73037309598449
6906,60.585886644372714
6909,60.38633235953959
6912,60.69987497646095
6915,63.4079470130295
6918,58.3583463091327
6921,61.601769435972244
6924,61.16273415616208
6927,58.84010995998899
6930,60.7028987927888
6933,60.5582971007391
6936,62.25665783229332
6939,60.45323481435238
6942,59.52509045940384
6945,58.98434303479628
6948,62.28032809462021
6951,62.37148132069259
6954,62.58714159557994
6957,59.77962808728025
6960,60.4861539280695
6963,61.07475046424868
6966,64.40774752167849
6969,63.13407266837343
6972,63.20440955926381
6975,62.03316977401479
6978,61.8986757032661
6981,63.37051357858574
6984,59.960903058546435
6987,59.77620191542301
6990,64.21800781588686
6993,63.08936320599979
6996,60.33671258474764
6999,61.60474174448867
7002,60.729656544290876
7005,58.418802080963005
7008,60.04558507175231
7011,61.28064158517503
7014,60.54826337211441
7017,61.54858039433118
7020,62.61525950261097
7023,59.9992232763644
7026,57.62480974755207
7029,60.364931997275484
7032,61.05362657433259
7035,60.349555031743535
7038,60.27641808320126
7041,62.11234121045361
7044,60.74760001370936
7047,60.575228418158545
7050,61.16482431039043
7053,63.545973134374925
7056,59.80006612570044
7059,60.45820430249664
7062,62.93319705351162
7065,61.80692201175266
7068,62.04987973712991
7071,58.313422895165175
7074,59.74971272454635
7077,60.944609427391754
7080,63.06652119308317
7083,58.52427920832935
7086,61.17254816582319
7089,63.263743502720956
7092,61.40850720929427
7095,62.93477024256062
7098,60.769356649194734
7101,59.60122879383188
7104,60.04435868419883
7107,64.11338961816797
7110,59.26470571369191
7113,60.42992838502888
7116,60.9417713765171
7119,63.11497975193994
7122,65.26712929209772
7125,60.557018890952314
7128,62.408511432908526
7131,58.347329188038294
7134,63.01404985153586
7137,61.29677434252303
7140,60.65020752636267
7143,60.30462197188448
7146,61.51448729129278
7149,61.83983277323519
7152,60.23879582318341
7155,63.35418273844698
7158,61.31721170275955
7161,60.71669063237554
7164,62.64477960536499
7167,60.97839899804764
7170,61.457187293413675
7173,61.45094173099919
7176,61.989781730540905
